,Median Income,poverty_rate,percent_completed_hs,share_white,share_black,share_native_american,share_asian,share_hispanic,Level
0,12083,43.9,80.6,100,0,0,0,0,0
1,17438,39.6,67.1,97.5,0.3,0.6,0.2,0.8,0
2,17614,42.3,98.4,96.5,0.1,0.4,0.6,1.9,0
3,18085,50.3,70.5,7,89.2,0.3,0.1,2.2,0
4,19403,33.1,70.5,87.8,8.3,0.1,0.5,1.1,0
5,19409,52.3,65,31.3,66.6,0.1,0.4,1.2,0
6,19520,45.8,81.1,0.9,98,0.1,0.1,0.5,0
7,19931,23,74.4,31.5,60.8,0.2,0.2,8.2,0
8,20625,57.5,67.9,2.6,0.1,95.6,0.4,3.2,0
9,20700,76.4,49.1,54,0.4,2,1.4,70.1,0
10,20962,45.2,74.1,13.6,81.6,0.2,0.3,5.8,0
11,21218,42.3,88.1,77,18,0.5,0.4,1.6,0
12,21298,36.2,77.1,21,70.3,6.4,0,1.6,0
13,21429,37.5,71.2,21.7,76.1,0.2,0,1.6,0
14,21544,25.3,61.6,96.5,0.9,0,0.1,3.4,0
15,21649,29.7,73.3,96.2,1.8,0.4,0.2,1.3,0
16,22014,36.4,78.1,10,75.8,0.3,0.9,19,0
17,22069,25.5,89.2,93.8,0.7,1.2,1.6,2.3,0
18,22083,53.1,73.6,58.6,0,30.2,0,3.1,0
19,22273,38,72.6,71.6,25.7,0.1,0.2,1.6,0
20,22414,41.9,77.8,18,80.3,0.2,0.6,0.6,0
21,22841,34.3,83.9,78.7,0.7,2.6,0,43.6,0
22,23641,26.9,66.4,91.3,6.4,0.7,0.8,0.2,0
23,24296,32.3,79.1,72.3,23.3,0.3,1.2,1.6,0
24,24375,48.5,71.8,97.7,0.4,0.8,0.6,0,0
25,24415,35.1,84.7,80,14.6,0.2,0.2,3.1,0
26,24474,47.7,66.6,63.1,0.2,1.3,1,43,0
27,24659,36.3,75.2,15.4,33.2,0.2,1,51.1,0
28,24750,17.5,78.3,80,3.4,10,0,3,0
29,24770,24.5,88.3,87.5,1.9,1,0.9,10.1,0
30,24821,43.7,87.2,98.3,0.1,0.5,0,1.3,0
31,24943,25.2,79.3,64,30.5,0.4,1.8,0.8,0
32,25042,39.9,67.6,17.6,48.1,0.8,2.1,47,1
33,25063,3.7,100,88.7,0,2.8,0,10.2,0
34,25181,36,72.3,42.6,49.5,0.3,0.7,10.2,0
35,25372,46.1,97.8,93.8,0.6,0.2,1.2,5.6,0
36,25607,34.9,64.8,64.6,32.5,0.3,0.3,1.9,0
37,25615,29.1,69.1,54.4,41.4,0.1,1,3.1,0
38,25635,36.6,76.1,45.3,40.9,0.6,0.9,21.6,1
39,25737,36.9,69.6,26.7,38.3,0.6,15.6,30.4,0
40,25763,32.9,74.4,50.7,44.4,0.3,1,5.8,0
41,25764,40.3,78.3,10.6,82.7,0.4,1.1,6.8,1
42,25781,25.3,70.3,75.3,0,17.6,0,3.9,0
43,25844,33.1,66.3,76.6,1.5,1.3,0.6,68.6,0
44,25850,29.8,64.7,50.5,42.9,1.9,0.8,1.9,0
45,26136,41.8,71.7,11.2,86.1,0.2,0.1,2.7,0
46,26150,36.2,77.4,37.3,53.3,0.3,1.8,10,1
47,26193,28.7,74.1,80.6,4.1,0.4,0.7,22.4,0
48,26268,31.4,80.3,84.4,9.7,0.4,0.4,1.2,0
49,26410,15.7,95,99.1,0.1,0.1,0.4,0.5,0
50,26538,31.4,89.5,97.7,0.4,0.7,0,0.7,0
51,26605,36.7,78.9,52.7,15.9,22.8,0.2,3.4,0
52,26684,43.9,41.3,43.2,18.9,1,0.2,75.6,0
53,26784,39.6,65.1,48.4,13.2,0.9,1.2,58.2,0
54,26852,37.8,84.6,41.9,53,0.2,0.9,4.3,0
55,26877,25.9,82.2,85.7,0.6,1.9,0.5,28.2,0
56,26897,31,62.5,56.5,18.8,0.5,1,31,0
57,26923,35.9,80.8,90.1,2.1,0.5,0.8,13,0
58,27050,40,79,33,64.3,0.1,0.8,1.4,0
59,27201,33.9,81.7,61.8,8.3,18.5,0.6,7.7,0
60,27216,21.5,57.6,99.1,0,0.2,0.1,0.6,0
61,27320,24.3,79.2,91,5.6,0.4,0.5,1.8,0
62,27361,32.2,79.7,35.6,60.7,0.2,1.4,1.8,0
63,27365,34.6,79.5,17.2,74.7,0.4,0.6,9,1
64,27679,23.5,60.9,96.3,0.5,0,0,0,0
65,27683,35.5,82.1,51.7,42.9,0.3,0.9,3,1
66,27910,29,75.8,94.4,3.1,0.2,0.8,1.5,0
67,28020,37.1,83.9,10.7,84.8,0.3,0.2,5.1,0
68,28060,33.1,80.3,28.7,68,0.2,0.7,2.4,0
69,28144,58.7,58.7,60.3,1.6,1.8,2.2,70.1,0
70,28265,34.8,80.9,82,8.9,0.4,0.3,9.3,0
71,28281,24.6,85.5,95.5,0.8,1.5,0.3,1.2,0
72,28414,28.7,74,38.5,59.6,0,0.6,1.1,0
73,28421,31.1,78.8,59.2,38.4,0.4,0.1,1.2,0
74,28472,14.4,84.9,97.6,0.4,0.5,0.1,0.4,0
75,28509,18.5,88.8,94.4,0.2,1.6,0.8,3.4,0
76,28601,34.9,74.7,32.7,62.5,0.3,0.7,4.4,0
77,28603,33.7,72.9,88.8,5.8,0.3,1.2,2.1,0
78,28683,27.1,85.6,95.1,1.1,0.8,0.8,2,0
79,28884,25.6,76.8,87,10,0.5,0.1,1.3,0
80,29025,37.3,76.5,51.2,28,0.6,1.2,28.5,0
81,29063,36.5,74.7,73.7,1,13.4,0,2.8,0
82,29118,7.4,77.9,94.2,0.3,1,0.3,7.7,0
83,29206,36.8,78.7,20.2,78,0.2,0.7,0.9,0
84,29336,35,82.6,43.3,51.1,0.3,1.7,4,1
85,29368,28.8,73.7,50.2,47.5,0.3,0.6,0.9,0
86,29393,29.9,79.5,8.5,89.8,0.1,0.2,0.6,0
87,29418,32.3,83.8,69.1,24.2,0.5,0.3,2.6,0
88,29531,24,58.6,93.8,0.8,0,0,5,0
89,29542,36.7,70.3,89.3,7.1,0.1,0.2,2.5,0
90,29602,28.5,82.3,63.1,1.6,21.6,0.5,5.6,0
91,29667,33.3,79.8,53.1,44.3,0.2,0.5,2,0
92,29676,33.8,79.9,25.2,71.6,0.2,0.8,2.1,0
93,29786,29.9,84.3,97.7,0,0.1,0.2,0.9,0
94,29963,34.2,87.4,97.5,0.5,0.2,0.3,0.3,0
95,29964,29.5,78.9,40.1,56.2,1.1,0.7,1.9,0
96,29974,30.1,80.5,43,51.3,0.2,0.9,5.7,0
97,30000,15.7,80.8,97.1,0.8,0.1,0,0.8,0
98,30086,31.1,79.5,62.8,3,26.6,0.3,2.7,0
99,30217,23.7,81.9,94,3.1,0.1,0.6,2,0
100,30218,26.5,77.3,56.4,42.2,0.1,0.1,1.1,0
101,30273,38.1,75.1,48.2,48.5,0.1,1.6,1.8,0
102,30303,35.9,63.6,31.1,56.3,0.2,0.5,34.2,0
103,30304,29.1,77.5,78.6,8.5,0.5,6.9,9.5,0
104,30392,27.3,82.2,76.9,18,0.4,0.9,6.6,0
105,30407,30.7,82.5,49.7,43.7,0.3,0.6,8.5,0
106,30443,27.7,82.1,75.7,2,8.2,0.7,22.4,0
107,30487,37.1,84.8,43.8,54.1,0.1,0.7,0.9,0
108,30507,19,79.3,97.4,0.2,0.4,0.4,2.2,0
109,30517,29.3,83.1,59.2,31.3,0.5,1.1,11.3,0
110,30662,23,62.3,91.1,2.2,0.2,0,9.1,0
111,30678,36.7,82.3,42.1,55.7,0.3,0.3,0.8,0
112,30697,14.3,88.8,88.2,0.1,5.5,0.4,2,0
113,30720,24.5,86.5,80.4,14.6,0.2,0.5,1.8,0
114,30743,27.4,74.3,78.1,15.9,0.3,0.4,4.2,0
115,30744,26.9,73.3,68.3,14.1,0.5,0.7,20.3,0
116,30750,29.8,70.1,77.7,21.3,0,0,0,0
117,30781,30,83.2,65.5,7,18.8,0.6,2.5,0
118,30799,33,95.2,79.5,4.7,3.9,5.6,4.3,0
119,30800,28,75.1,66.9,19.5,1.5,0,10.9,0
120,30804,34.3,84.3,53.8,2.4,30,1.3,9.8,0
121,30846,28.9,77,77.2,6.7,0.5,0.9,19.7,0
122,30856,31.6,76.6,90.7,6.3,0.3,0.8,1.1,0
123,30960,33.5,80.5,43.7,41.7,0.5,3.1,16.4,0
124,30968,31.2,80.6,37.4,60,0.2,0.7,1.4,0
125,30992,29.7,72.1,19.4,77.5,0.3,0.3,3,0
126,31009,27.3,80.7,90,3.4,1.2,0.5,13.2,0
127,31010,29.1,87.3,84.2,1.4,1.5,0.5,36.2,0
128,31044,32.2,86.4,84,10.9,0.3,1.2,2.3,1
129,31051,28.3,73.2,72.6,19.2,0.3,1,70,2
130,31061,30.9,85.1,22.3,73.4,0.2,1,3.6,1
131,31063,22.8,77,78.4,12.7,0.4,0.9,9,0
132,31112,21.8,88.5,71.1,0.7,5.3,1,51.9,0
133,31172,43.7,75,3.4,0.2,95,0.1,4.9,0
134,31178,27.5,76.4,94.9,1.7,0.2,0.6,2.4,0
135,31226,21.6,79.5,58.9,14.6,19,0.4,3.3,0
136,31333,25,69.4,74.2,20.4,1.2,0.5,3.2,0
137,31460,23.9,80.7,85.3,5.2,0.5,0.7,9,0
138,31465,25.8,78,41.6,52,0.2,0.9,6.3,0
139,31576,26.3,79.1,60.4,35.3,1,0.8,1.8,0
140,31577,29.9,82.3,64.1,33.6,0.2,0.1,1.9,0
141,31667,29.6,75.3,71.9,0.6,2.6,1.1,42.7,0
142,31684,20.9,68.8,91.4,6.4,0.2,0.2,1.8,0
143,31684,22.9,81.1,49,47.9,0.1,0.2,3.1,0
144,31708,29.7,78.7,92.4,5.1,0.4,0.2,1.2,0
145,31750,21.4,82.8,79.2,15.3,0,0.2,4.8,0
146,31817,27.4,84.4,83.5,10.9,0.4,1.4,3.1,0
147,31818,35.6,92.1,64.9,23,0.3,6.9,10,0
148,31875,23,77.2,87.3,8.3,0.6,0.4,2.1,0
149,31881,34.8,80.2,56,29.5,1.1,5.5,8.3,0
150,31918,31.4,82.7,50.4,38.6,0.8,3.2,10.5,0
151,31957,24.5,83.7,84.6,0.6,11.1,0.1,2.1,0
152,31979,24.3,88.3,95.5,0.1,0.7,0.8,2.9,0
153,31997,29.2,81.5,48.9,40.5,1.2,1.1,9.2,0
154,32025,25.6,84.1,67.4,23.4,1.5,0.9,8.2,0
155,32060,26.5,66.3,65,12.2,0.8,0.5,59.9,0
156,32066,29,82.4,75.2,18.1,0.3,0.8,3,0
157,32129,21.1,83.7,89.5,4.1,0.5,1.4,10,0
158,32148,26.2,82.6,73.3,22.1,0.2,0.7,1.9,0
159,32182,34.3,68.1,88.1,8,0.3,0.4,2.8,0
160,32188,31.6,84,53.1,40.1,0.6,0.9,9.2,0
161,32292,15.8,80,71.7,10.7,1.1,0.9,15.1,0
162,32324,24.1,90.8,28.3,66.6,0.4,1,1.8,0
163,32326,13.6,83.9,96.2,1.3,0.5,0.3,3.2,0
164,32357,30,85.2,58.5,28.8,0.5,1.8,16.8,0
165,32536,24.6,85,83.3,0.7,4.3,2.6,10.8,0
166,32602,24.1,83.5,65.4,8.5,14.4,0.4,2.9,0
167,32722,36.6,44.4,17.2,0.3,6.6,1.3,84.2,0
168,32728,28.4,80.1,54.8,34.5,0.3,1.9,10.9,0
169,32788,21.7,87.6,85.7,6.5,0.4,1.5,16.9,0
170,32845,25.3,81.5,51,44.6,0.5,0.6,4.3,0
171,32863,27.3,71.9,36.1,40.7,0.7,5.9,29.6,0
172,32894,33.7,64.1,88,0.4,0.4,0.7,93.2,0
173,32915,29.1,71.4,34.7,31.7,1.1,3.3,57.6,0
174,33095,30.3,80.4,72.8,5.1,11.8,0.2,4.2,0
175,33139,29.7,72.3,26.3,52.4,0.6,1.6,33.8,1
176,33147,29,79.2,59.2,21.5,0.6,1.8,29.6,0
177,33250,33.2,74.8,90.9,5,1,0.7,3.5,0
178,33289,31.8,79.9,30.7,52.4,0.5,3.5,18,0
179,33349,17,75,47.2,48.4,0.1,0.5,4.9,0
180,33359,30.2,72.1,80.7,1.5,3.9,2.1,54,0
181,33407,29.8,82.5,66.6,30.2,0.4,0.5,2.3,0
182,33450,30.5,75.9,81.5,8.9,0.2,3,7.3,0
183,33557,25.7,88.3,88.7,4.1,0.8,1.9,3.7,1
184,33571,27.2,89.6,98,0,2,0,0,0
185,33604,30.5,85.8,49.3,44.8,0.3,1.8,2.8,1
186,33687,27.8,85.2,64.8,27.2,0.4,1.1,7.4,0
187,33750,19.2,85.2,97.2,0.3,0,0.2,0.5,0
188,33764,24.2,81.6,88.8,4,0.7,1.2,8.7,0
189,33780,22.8,81.4,89,0.3,2,0.9,7.4,0
190,33843,30.6,83,85.2,0.8,2.1,1.6,11.3,0
191,33917,23.6,85.2,94.6,0.4,1.9,0.1,3.6,0
192,33950,14.2,91.2,92.5,0.3,1.3,1,5.4,0
193,33989,26,79.5,67.7,6.4,1.6,3,35.8,1
194,34028,31.7,72.1,89.7,0.5,0.8,0.2,19.1,0
195,34055,28.7,78.3,58.4,31.9,0.4,1.4,10.8,0
196,34090,34.1,93.7,89.7,4.1,0.1,3.4,2.6,1
197,34158,29.5,85.6,8,80,0.3,6.8,6,0
198,34167,24,80.1,94.2,0.2,0.7,0.2,9.3,0
199,34201,22,75.9,78.3,13.7,0.2,0.7,7.8,0
200,34211,30.1,79.6,53.4,5.7,25.7,1,32.8,0
201,34216,22.1,85.8,73.7,18.7,0.2,1.4,31.8,0
202,34225,22.1,88.1,95.1,0.5,1.4,0.4,2.7,0
203,34226,25.7,87.8,76.1,17.1,0.4,1.6,4.6,1
204,34257,28.3,71,26.6,52,0.7,1.2,33.7,0
205,34300,29,85.1,54.7,41.3,0.4,0.8,3.1,0
206,34387,24.5,84.6,68.9,1.3,17.1,0.5,4.8,0
207,34388,16.9,79.9,93.6,1.8,0.7,0.1,5,0
208,34433,25.8,83.1,12.7,81,0.2,0.7,6.7,0
209,34435,32.5,91.6,56.3,37,0.4,2.4,3.8,0
210,34512,26.5,86.3,62.2,31.5,0.2,2.1,2.1,1
211,34550,25,85.3,75.2,2.5,2.2,0.8,49.8,1
212,34579,25.8,81.7,38.3,57.3,0.4,1.8,1.8,0
213,34627,21.2,85.9,92.2,0.3,2.6,0.7,4.7,0
214,34695,25.9,77.4,80.9,16.7,0.6,0.3,0.9,0
215,34708,33.9,62,85.1,0.6,0.5,0.5,93,0
216,34742,27.4,56.6,60,0.3,0.5,1.3,96.8,0
217,34743,22.2,86.7,89.7,3.5,0.6,0.5,8.5,0
218,34770,16.4,82.7,76.4,15.9,0.4,0.6,8,0
219,34833,25.3,82.9,88.9,1.5,0.6,1.3,10.3,0
220,34844,20.1,84.8,97.1,0.7,0.3,0.2,0.9,0
221,34846,22.8,72.8,55.3,40.9,0.2,0.5,2.9,0
222,34894,25.4,84.5,55.9,16.1,15.3,0.9,7.1,0
223,34898,25.8,79.3,95.8,0.3,0.9,0.2,3.2,0
224,34911,22,86.8,70.8,12.5,4.4,0.3,4.9,0
225,34944,21.8,86.1,72.3,21.2,0.3,2.4,1.5,0
226,34972,23.4,85.6,73.7,23,0.3,0.5,0.9,0
227,35000,31.6,80.9,62.2,34.1,0.5,0.2,0.9,0
228,35125,20.2,78.6,85.5,3.4,0,0,11,0
229,35126,27.2,82.3,45.6,49.3,0.2,1.8,3.4,0
230,35163,27.8,73,87.3,1.6,0.5,0.6,17.5,0
231,35313,29,76.3,55.2,16.3,0.7,3,39.3,0
232,35371,26.7,77.6,66.1,15.4,0.6,0.9,22.5,0
233,35441,21.9,76.1,72.3,15.8,0,0.1,11.9,0
234,35455,23.9,85.4,91.9,4.7,0.3,0.7,1.9,0
235,35542,31.1,74.5,77.2,0.6,0.4,0.2,28.4,0
236,35563,29.6,87.6,61.2,23.7,0.8,3.7,12.5,0
237,35582,30.1,41.2,52,0.6,0.8,0.3,97.4,0
238,35599,27.1,84.1,43.9,49.2,0.3,2.9,3.5,2
239,35604,28.1,84.8,75.8,13.9,0.3,4.2,6.5,0
240,35609,23.3,84.3,65.3,29,0.3,0.9,4.5,0
241,35619,35.1,93,83.1,9.6,0.2,3.7,2.2,0
242,35671,24,85.5,89.5,1.2,1.1,0.8,14.4,0
243,35674,26.2,91.4,93.1,1.7,1.2,1.7,1.5,0
244,35737,13.9,93.4,97.5,0.1,0.4,0.3,1.4,0
245,35738,15.5,88.2,90.9,2.5,0.5,0.6,7.1,1
246,35750,15.4,82.7,96.5,0.1,0.7,0.2,3,0
247,35785,21,87.5,82,12.6,0.3,1,2.6,0
248,35823,20.1,84,81.5,13,0.3,0.9,4.3,0
249,35825,24.4,85.6,82.3,12.4,0.2,0.8,3.7,0
250,35833,30.7,74.1,69.1,5.3,3.6,1.5,44.8,0
251,35833,19.9,82.5,77,0.3,14.5,0,3.6,0
252,35875,23.9,88.7,96.8,0.8,0.2,0.9,1.1,0
253,35924,22.6,86.1,70.7,20.9,0.3,2.6,11.7,0
254,35933,30.3,55,36.4,7.9,0.9,12.7,71.5,0
255,35938,18.4,80.3,85.7,8.3,0.5,0.1,5.7,0
256,35948,19.7,82.7,81.9,1.3,1.1,1.4,23.7,0
257,35950,27.1,80.5,93.4,0.5,1.3,0.6,12.9,0
258,35958,28.7,82.1,44.8,40,0.8,3.5,17.3,2
259,36026,36.1,85.4,93.2,3.2,0.2,1.3,1.9,0
260,36032,26.5,88.8,83.9,1,1,3.3,13.9,0
261,36050,29.5,80.9,93.8,3.2,0.1,0.8,2,0
262,36086,24.9,88.1,88.9,7.5,0.2,0.6,1.4,0
263,36208,32,61.5,32.6,35.5,1.4,0.6,43.6,0
264,36209,13.3,95.5,96.6,0.2,0.6,0.2,4.8,0
265,36250,24.4,90.3,68.5,26.6,0.2,0.5,1.9,0
266,36266,20.2,80.6,84.2,1,1.6,0.9,11.3,0
267,36296,28.9,77.8,65,27.5,0.5,0.8,15.6,0
268,36300,28.8,92.5,88.9,2.8,0.4,4.9,2.9,0
269,36338,19,92.2,91.5,0.5,3.8,0.4,3.4,0
270,36348,23.8,81.7,62.1,23.3,0.5,0.9,21.9,0
271,36365,8.4,91,96.5,1.4,0.2,0.7,2.8,0
272,36403,25.7,72.2,44.5,39.4,0.8,0.3,35.3,0
273,36440,19.9,84.9,83.6,0.8,1.8,0.9,22.8,1
274,41875,9.6,84.6,0.4,0,99.6,0,0,1
275,36445,27.6,83.7,29.4,63.3,0.2,1.6,6.5,1
276,36458,23.8,82.2,86.7,9.4,0,2.2,1.6,0
277,36466,26.5,86,38.3,55.4,0.3,2,4.7,0
278,36474,25.5,84.5,56.9,36.1,0.4,1.7,5.2,0
279,36500,31.5,80.2,9.9,0.6,86,0,1.8,0
280,36514,23.7,85.7,72.3,13.9,0.7,1.5,13.7,0
281,36528,16.8,80.9,88.3,7.1,1.4,0.2,2.1,0
282,36538,21,89.2,94.5,0.6,2.4,0.9,1.3,0
283,36652,12.7,87.6,74.2,22.2,1.3,0.2,2.8,0
284,36667,31.1,81.2,96,0.6,1.1,0.8,1.6,0
285,36678,25.1,77.8,46.8,47.4,0.2,0.7,5.5,0
286,36698,21,84.8,48.7,46.6,0.3,0.7,4,1
287,36701,23.3,82.4,52.4,37.7,0.4,1.6,10.6,0
288,36729,20.9,86.6,16.8,75.2,0.4,3.3,5.3,0
289,36750,25.4,86.6,66.2,0.2,21.2,0.1,2,0
290,36770,23.4,84.1,97.3,0.4,0.3,0.3,1.2,0
291,36792,27,85.2,33,60.2,0.3,2.9,5.2,2
292,36860,28.6,58.6,52,0.7,0.9,2.1,84.4,0
293,36880,22.7,77.1,55.4,34.3,0.5,2.7,13.8,0
294,36930,26.5,77.3,58.5,12.5,0.8,2.2,42.8,0
295,36964,21.4,91.5,47.2,36.3,1.1,3,15.4,0
296,37045,19.4,84,84.1,8.8,0.4,0.8,6,0
297,37047,33.4,68.2,45.6,15,1.3,4,60,2
298,37049,27.9,84.7,16.1,74.6,0.4,0.8,11.5,0
299,37072,28.6,80.1,78.9,0.8,3.7,1.1,19.2,0
300,37094,24.5,86.5,79.3,1.9,3.7,4.2,11.6,0
301,37109,22.8,82.9,81.1,11.5,0.2,0.4,6.7,0
302,37137,14,85.8,96.9,0.2,0.5,0.1,1.7,0
303,37149,25.3,84.2,69.7,5,2.7,2.9,41.6,2
304,37190,21.2,87.2,71.6,22,0.5,1.6,5.1,0
305,37246,19.6,82.4,89.1,7.8,0.3,0.2,2.5,0
306,37250,14.9,82.3,61.8,32,0.6,0.5,3.9,0
307,37269,27.7,47.4,53.8,0.9,0.9,0.7,93.1,0
308,37279,19.8,85.5,87.5,7.3,0.1,0.9,3.2,0
309,37431,31.5,72,92.6,1.1,0.2,0.7,9.8,0
310,37485,21.1,80.4,89,7.8,0.3,0.6,1.9,0
311,37500,16.1,94.1,98.5,0.2,0.1,0.4,1.9,0
312,37500,26.3,86.9,87.8,9,0.2,0.4,1.2,0
313,37571,30.7,58.8,45.4,3.8,1.2,10.6,77.2,0
314,37583,15.8,77.6,96,1.7,0.4,0.1,1.6,0
315,37623,21.3,86.3,83.5,10.7,0.4,1,3.3,0
316,37627,31.9,74.5,52.2,6.3,1.5,11.8,49.6,0
317,37705,27.4,85.6,55.7,34.4,0.3,3.2,7,0
318,37798,19.9,88.9,93.9,2.6,0.2,1,3.1,0
319,37819,28.1,81.1,75.7,17.6,0.8,0.6,6.4,0
320,37887,19.3,87.6,88.1,0.6,0.8,1.4,12.4,0
321,37917,26.3,77.1,64.5,23.8,0.5,0.1,13.8,0
322,37995,20.9,78.4,79.1,5.3,7.2,0.4,5,0
323,38049,21.3,83.8,64.6,30.8,0.5,1.5,2.6,0
324,38085,24.9,57.8,38.8,0.8,1,25.1,69,0
325,38086,19.1,90,86.2,1,1.1,1.4,13.8,0
326,38214,19.4,88.8,96.5,1.2,0.2,0.8,1.1,0
327,38253,23.1,80.3,18.3,76.3,0.2,0.6,22,0
328,38253,26.4,82,41,43.4,0.5,6.3,12.3,2
329,38313,10.6,81.2,78.6,16.2,0.2,0.3,3.8,0
330,38333,16,85.4,97.5,0.3,0.3,0.2,1.6,0
331,38435,34.7,61.6,45.4,16,0.9,7.6,49.9,0
332,38456,30.9,66.9,58.8,1.2,1.9,4.7,61.9,0
333,38551,16.3,83.5,93.3,3.4,0.3,0.7,1.9,0
334,38558,17.8,88.2,90.3,4.8,0.2,1.1,5.5,0
335,38558,18.7,87.2,34.7,60.8,0.2,0.6,3,0
336,38583,23.6,85.5,41.2,54.7,0.4,1.3,2.5,1
337,38679,28.8,91.2,91,2.3,0.2,4.8,1.7,0
338,38716,24.8,83.1,65.1,20.5,0.4,2.9,15.8,0
339,38749,24.9,77.8,52.2,26.8,0.8,2.7,27.8,0
340,38750,22,92.5,94.7,0.3,1.4,0.5,3.5,0
341,38750,29.3,94.7,94.4,2.2,1.1,0,4.5,0
342,38750,32.5,84.1,78.4,6.4,0.3,3.5,15.7,0
343,38769,25.1,86.7,66.4,22.7,0.6,1.7,9.7,0
344,38776,23.3,86.9,45,50.6,0.3,1.8,2.4,0
345,38808,18.6,84,45.3,49.1,0.3,1.6,3.6,0
346,38900,30.9,77.5,68.7,29.6,0.1,0.5,1.7,0
347,38909,13.3,85.3,83.4,9.9,0.5,1.8,5,0
348,38954,26.1,84.7,72.9,16.4,0.3,3.4,7.9,0
349,39011,24.6,85.1,68.4,19.6,0.5,4.4,8.7,0
350,39014,20.7,77.2,43.5,41.1,0.4,6.8,13.4,0
351,39061,23.3,76,52.5,41.5,0.2,2.7,3.1,0
352,39064,19,80.9,55.4,37,0.4,0.8,6.6,0
353,39085,34.4,79,85.8,0.1,3,3.3,10.6,0
354,39206,15.6,85.7,86.3,3.1,0.6,0.9,27.4,0
355,39274,17.8,87.1,84.9,10.4,0.3,1.6,3,0
356,39313,14.3,85.7,86.2,1.1,6.5,0.1,3.7,0
357,39313,18.3,84.6,78.6,3.9,1.5,0.2,49.7,0
358,39351,25.1,87.3,53.8,41.5,0.2,1.8,3,0
359,39371,30,96.7,89.5,1.3,0.7,3.2,9.2,0
360,39382,20.6,87.4,74.5,17.1,0.3,1.9,12.7,0
361,39432,24,91.7,83.8,6,1.1,3.1,6.4,0
362,39468,16.2,88,86.3,5.6,0.3,2.7,9,0
363,39543,22.7,81.8,41.6,47.2,0.5,1.9,10.9,1
364,39566,23.1,89.3,86.9,6.6,0.3,2,4.2,0
365,39567,27,83.9,94.5,2.3,0.4,1.4,0.3,0
366,39580,32.7,51.1,49.2,7.6,1.1,0.7,76.7,0
367,39586,19.6,89.7,88.2,7.2,0.3,0.8,3.1,0
368,39610,20.2,83.5,95.4,1.9,0.2,0.4,1.1,0
369,39625,17.3,85,84.7,9.4,0.2,1.5,7.7,0
370,39632,33.7,79.8,52.3,14.6,2.1,3.2,42.8,0
371,39659,12.7,89.9,83.3,11,0.3,1,3.7,0
372,39681,29.7,92.5,57.4,35,0.2,3.7,6.3,0
373,39698,15.2,90.5,94.8,0.6,0.2,0.7,4.9,0
374,39706,19.2,87.4,70.8,20.9,0.3,1.8,12.6,1
375,39711,30.8,66.3,87.7,0.5,0.4,0.6,95.6,1
376,39793,18.5,84.6,73.5,0.9,1.1,5.5,31.1,0
377,39823,16.9,76.8,74.9,19.1,0.3,0.6,6,0
378,39872,23.1,75.3,63.5,2.6,1.1,5,58.8,0
379,39876,25.6,86.7,39.4,54.5,0.2,3.3,3.3,2
380,39890,23.7,77.2,56.7,27.4,0.5,1.7,24.1,0
381,39906,26.9,86.5,90.7,4,0.5,1.2,2.7,0
382,39930,21.2,84.4,64.2,28.5,0.3,1.8,5.5,0
383,39975,22.1,80.3,69.9,2.5,1.2,0.7,53.4,0
384,39982,17.6,85.4,96.1,0.8,0.7,0.3,2.2,0
385,40000,14.4,82.3,97.5,0.9,0,0.5,0.5,0
386,40066,12.9,81.3,85.9,10,0.1,1.5,3.1,0
387,40107,25.9,88.7,81.1,12.8,0.2,1.9,2.8,0
388,40177,22.6,85.2,58,34.9,0.4,2,5.5,1
389,40219,15.9,89.2,80.9,10.3,0.3,3.1,8.9,0
390,40227,18.1,84.9,73.3,15.9,0.3,1.1,17,0
391,40230,25,64,50.7,24.3,1.4,0.9,45.8,0
392,40292,16.7,87.6,96.6,0.1,0.6,0.7,1.7,0
393,40355,26,85.1,64.6,20.9,0.7,1.9,15.6,0
394,40419,19.8,85.6,83.6,6.2,0.4,1.4,12.1,0
395,40427,22.1,85.2,84,8.5,0.2,0.6,6.4,0
396,40432,20.8,83.2,63,27.8,0.4,1.3,9.6,1
397,40457,27.6,58.2,49.9,3.4,3.1,2.2,76.7,0
398,40465,24.5,83.2,32.6,58,0.4,1,12.4,1
399,40489,23,83.7,50.6,43.5,0.3,1.7,4.4,0
400,40547,28.3,77.6,75.8,20.3,0.2,0.3,3.8,0
401,40619,12.7,94.7,96.2,0.1,0.8,0.3,2.5,0
402,40625,30.8,79.6,66.8,3.9,0.9,4.8,36.8,0
403,40633,14.7,92.6,96.3,0.8,0.4,0.7,1.5,0
404,40706,28.3,71.2,54.2,15.2,0.6,3.2,41.6,0
405,40715,22.9,91.4,66,26.1,0.2,4.4,2.3,0
406,40726,23,73.3,67.1,1.7,2,1.5,41.3,0
407,40755,22.8,84.3,61.4,20.2,0.7,3.6,10.5,0
408,40758,24.8,83.7,94.9,2.3,0.2,0.8,2.4,0
409,40758,25.5,83.2,40.8,50.6,0.3,2.3,6.3,1
410,40767,23.2,76.1,79.1,13.5,0.4,1.1,7.7,0
411,40811,18.4,83.4,80,7.1,4.8,0.5,6.5,0
412,40830,18.8,90.2,80.8,13.5,0.5,1.4,6.5,0
413,40833,25.3,85.1,79.2,11.1,0.2,2.5,11.8,0
414,40881,21.7,57.9,48,1.3,1.2,0.7,80.3,0
415,40938,20.5,49.9,50.4,0.5,1.2,11,84.9,0
416,40959,28.8,69.1,66.9,20.4,0.4,1.2,62.9,0
417,40968,21.6,83.1,76,13.2,0.6,3,10.3,0
418,40992,21.8,84.9,39.8,47.3,0.6,3.3,13.4,0
419,41001,21.4,66.2,84.6,1.5,0.5,0.5,84.1,0
420,41036,22.9,82.3,75.2,2.2,1.4,1.2,30.1,0
421,41040,11.9,90.1,94.9,0.5,0.4,1.1,2.8,0
422,41101,6.6,97.6,96.3,0.5,0.1,1.8,1.4,0
423,41112,23,83.9,70.4,7.1,12.7,0.7,6.5,0
424,41117,22.6,76,78.2,2.6,0.5,1.2,28.1,0
425,41176,15.3,86.2,75.9,21.2,0.4,0.3,1.4,0
426,41229,18.9,85.2,86.1,2.1,1.1,1.4,12.9,0
427,41243,22.6,86.9,72.3,18.3,0.3,1.8,9.4,0
428,41250,26.8,85.3,88.9,9.4,0,0.3,0,0
429,41267,18.6,89.7,76.1,13.4,3.1,0.4,4.6,0
430,41291,28.8,90.5,84.8,0.7,0.8,2.5,15.2,0
431,41321,23.4,82.8,62.6,28.9,0.3,1.3,17.5,0
432,41330,24.4,85.5,75.3,2.4,1.7,1.6,56.8,1
433,41414,26.2,72.5,65.4,4.3,1.3,5,52.6,0
434,41425,26.2,94.1,89.9,4,0.3,2.8,2.9,0
435,41440,24.2,84.6,43.7,34.7,0.8,2,28.4,0
436,41447,22.6,80.3,46.7,51,0.2,0.4,2.4,0
437,41487,23.3,87.2,58.7,36.8,0.1,1,3.5,0
438,41494,14.5,86.4,81.7,4.7,0.3,7.3,10.7,0
439,41531,29.8,75.2,49.6,8.3,1.7,12.6,46.9,2
440,41565,22.1,70.1,43.4,9.7,1.3,5,71,0
441,41575,16.6,89.1,83.7,1.4,0.8,11.1,2.9,0
442,41582,17.9,89.9,71.6,8.2,1.3,3.9,20.8,0
443,41618,23.1,86.3,84.8,7.7,0.3,3.1,2.4,0
444,41628,19.3,88.7,48.4,40.6,0.5,4,7.5,0
445,41688,23.7,89.1,74.7,18.4,0.4,1.5,5.2,0
446,41705,22,75.6,65.4,9,1.4,1.7,37.9,0
447,41739,21.5,83.6,76.7,15.6,0.5,1.7,11.8,0
448,41789,20.6,78.4,66.5,13.4,0.6,1.5,19.7,0
449,41801,22.9,75.6,39.6,34.6,0.5,3.4,38.2,0
450,41818,26,71.9,88.6,0.7,0.3,1.5,85.4,0
451,41827,17.6,81.1,80,12.8,0.4,1.2,13.1,0
452,41853,6.8,89.4,97.6,0.8,0,0.3,1.2,0
453,41912,10.3,91.8,94.6,0.3,2,0.4,2.9,0
454,41924,19.3,87.7,64,30,0.3,1.4,5.9,0
455,41931,23,86.4,86,0.9,1.2,1.5,13.8,0
456,41991,27.6,88.4,90.9,1.3,1.5,2.5,3.2,0
457,42044,22.4,72.5,23.3,43.9,0.7,1.4,50.6,0
458,42077,16.4,88.2,76.7,10.9,0.5,1.3,30.2,1
459,42083,18.5,78.3,95,0.6,2.9,0.3,8,0
460,42098,12.1,92.4,85.9,0.4,3,0.6,27.1,1
461,42241,23.7,82.5,29.6,63.7,0.4,2.3,4.2,2
462,42250,19.2,88.6,76.2,11.3,1.4,1.3,13.4,0
463,42268,15.9,85.4,86.8,3,0.3,2.4,15.4,0
464,42284,20.2,86.9,62.6,15.9,5.3,2.3,14.1,2
465,42318,20.2,89.5,57.6,28.1,0.4,3.8,25.4,2
466,42319,23.3,71.7,64.7,1.8,1,2,35.4,0
467,42342,24.9,92,80.8,2.1,1.4,4.2,15.4,1
468,42350,13.9,87.6,87.9,4.3,0.7,0.6,10.6,0
469,42386,19.9,91.6,86.7,2.3,2,2.6,5,1
470,42423,10.8,86.3,95.3,0.5,0.4,0.5,4.5,0
471,42461,12.6,82.2,98.7,0.2,0,0.3,0.1,0
472,42500,6.7,76.7,100,0,0,0,0,0
473,42517,20.5,88.8,76.8,5.4,1.4,1.7,30.5,0
474,42549,17.1,84.1,68,10.2,9.1,1.8,7.4,0
475,42595,17.7,91.7,89.3,5.5,0.4,0.6,6.7,0
476,42614,18.4,88.7,87.6,0.4,4.1,0.8,12.8,0
477,42644,17.1,86.9,77.6,5.6,3,1.3,13.4,0
478,42650,17.9,89.3,90.5,3.1,0.8,3.2,2.7,0
479,42681,20.5,86.8,50.5,43,0.5,1.1,3,0
480,42772,20.9,78,80.8,3.4,0.7,1.2,80.7,2
481,42826,18.2,86.6,77.9,3.5,4.1,4,13.4,0
482,42839,18.2,90.3,87.8,7.4,0.4,1.5,2.6,0
483,42847,13.8,88.5,90.1,0.7,1,1,12.1,0
484,42861,10.7,84.2,96.9,0.7,0.4,0.3,1.6,0
485,42927,24.1,85.5,37.3,56.6,0.2,2.2,3.9,0
486,42948,24.3,62,55.4,1.2,2.1,4.6,77.6,0
487,42958,22.2,88.9,84.2,11.6,0.4,1.2,5.1,0
488,42976,17.7,94.5,92.8,1.1,0.3,1.8,4.7,0
489,43021,31.9,69,52.8,4.1,1,2.8,65.3,0
490,43101,24.4,93.5,85.8,1.4,1,4,7.8,0
491,43109,25.3,52.8,39.3,10.3,0.7,0.7,86.6,0
492,43116,19.2,79.6,89.1,3.8,0.4,1,8.9,0
493,43163,17.6,87.6,72.9,17.9,0.5,1.8,14.1,1
494,43189,19.1,83.5,75.5,9.6,0.7,1.7,24.5,0
495,43246,20.7,87,88,1,1.7,1.7,12.5,1
496,43271,15.4,80.4,44.4,1.4,20.6,0.8,41.9,0
497,43298,19.9,86.4,87.8,6,0.5,0.9,5.7,0
498,43334,17.3,92.3,79.3,13.4,0.3,1.4,6.5,0
499,43338,17.5,84.3,74.9,14.3,0.3,3.2,11.4,0
500,43341,18.8,90.6,85.8,1.2,2.3,3.4,8.7,0
501,43346,27.7,77.7,85.3,1.6,0.4,2.2,88.2,0
502,43381,14.2,87.7,82.5,1.8,0.5,9,9.9,0
503,43395,16.9,83.4,91.9,1.9,0.2,1,7.1,0
504,43409,20.2,77.6,93.5,1.7,0.2,0.7,5.2,0
505,43438,13,92.5,93.7,2.9,0.2,0.5,3.3,0
506,43452,23.3,89.5,68,25.1,0.4,1.9,4.3,0
507,43472,17.9,87.6,85.7,5.6,0.6,1,7.7,0
508,43491,20.7,81.1,76.6,2.9,0.5,1.4,31.4,0
509,43507,26.6,60.1,25.9,32.9,0.7,0.3,65,1
510,43523,19.7,84.1,78.4,13.5,0.4,4.6,2.1,0
511,43536,23,92.7,84.9,1.3,1.3,5.1,7,0
512,43541,18.7,94.1,91.4,1.1,0.5,4.6,1.9,1
513,43552,20,52.4,50.5,0.9,0.9,0.8,94.8,0
514,43559,18.8,80.2,89,1.3,0.4,1,18.2,0
515,43563,21.2,87.7,83.2,0.5,0.8,0.4,41.6,0
516,43601,13.7,70.8,81.3,3.3,0.8,0.4,23,0
517,43629,17.1,87.2,78.1,0.8,2.4,0.5,49.9,0
518,43630,18.4,91.2,45.7,41.9,1.1,2.6,10.1,0
519,43641,15.8,72.2,67.2,16.8,1,0.5,32.7,0
520,43750,14.4,84.8,98.7,0,0,0.2,0,0
521,43754,18.4,77.5,68.8,3.2,1.8,1.9,54.8,0
522,43774,19,88.3,73.6,15.4,0.4,3.3,8,1
523,43781,24,74.5,50.7,25,0.7,2.9,42.4,2
524,43819,16.9,84.1,81.5,0.9,2.6,0.9,50,0
525,43838,32.4,80.9,52.7,39,0.2,0.8,8.6,0
526,43888,15.7,83.6,80.6,2.9,2.6,2.7,16.4,0
527,44065,18.8,69.6,62.5,2.4,2.9,5.7,36.6,0
528,44075,18.9,87.5,75.7,4.4,1,4.4,25.3,0
529,44086,22.7,88.8,82.7,6.3,0.8,1.1,17,0
530,44185,21.8,86.6,62.9,26.2,0.4,3.4,23.1,1
531,44342,17.7,87.2,87.4,4.4,0.3,1.9,53,0
532,44480,21,87,47.1,43.1,0.5,3.3,6.6,1
533,44490,16.9,88.7,95.5,0.9,0.2,0.4,3.1,0
534,44504,20.1,73.8,32.8,27.7,0.7,6.7,52.9,0
535,44534,15.2,83.1,74.9,4.2,0.8,1.4,38.3,0
536,44543,19.8,85.3,73.2,12.7,1,2.4,18.9,0
537,44544,17.9,83.5,63.3,22.9,0.5,1.4,18,0
538,44568,16.3,88.3,80.4,11.6,0.3,2.6,4.3,0
539,44578,16,89.2,64.6,21.9,3.7,1.7,5.6,0
540,44579,17.2,86.2,72.1,13.4,0.4,9.7,4.1,0
541,44580,15.9,90.2,89.3,0.7,1,1,12.9,0
542,44671,24.8,89,88.9,3.9,0.3,3.6,2.7,0
543,44675,15.2,88.4,61.1,32.4,0.5,1.5,5.3,0
544,44679,11.1,92,95.7,0.7,0.4,0.6,4,0
545,44722,14.6,69.7,60.4,11.8,0.9,1.5,47.3,0
546,44758,17.6,83.5,59.6,13.6,0.7,4.5,34,0
547,44797,25.3,74.9,37,12.2,1.1,21.5,40.3,1
548,44802,13.4,93.4,92.9,2.4,0.3,1.8,5.7,0
549,44846,15.5,92.8,92.1,0.7,1.1,1.2,8.6,0
550,44866,21.3,74.7,61.2,5.7,1.8,3.8,50.8,0
551,44875,8.9,91.8,97.6,0.4,0.1,0.9,0.7,0
552,44902,20.7,88.1,59.3,11.8,1.3,9,15.3,0
553,44907,24.4,93.8,79,11.3,0.3,5.2,3.4,0
554,44916,20.7,74.6,61.1,13.4,0.6,1,60.3,0
555,44977,16,88.6,93.2,0.2,0.7,0.9,6.9,0
556,45114,4.4,100,97.7,0.7,0.2,0.2,0,0
557,45134,19.2,90.6,91.2,2.2,0.3,2.5,5.7,0
558,45221,14.3,90,86.7,3.6,1.1,2,9.6,0
559,45266,16.8,88.1,88.4,2.2,0.9,0.8,16.3,0
560,45278,28.5,79,83.9,3.3,3.4,1.4,73.1,0
561,45283,7.7,96.7,89,1.8,0.4,5.2,4.5,0
562,45307,19.3,73.7,69.2,10.5,0.9,0.7,53.6,0
563,45324,21.8,90.6,92.1,0.4,0.7,1,5.8,0
564,45346,24.8,86.8,6.2,90.9,0.1,0.3,2.7,0
565,45357,20.2,82.8,62.6,25.6,0.3,2,25.6,0
566,45358,18.9,91.3,88.7,0.8,1,1.1,13.9,1
567,45363,16,84.2,74.5,10.9,0.4,2.3,15.4,0
568,45391,13.5,91.7,92.5,0.3,0.6,0.5,10,0
569,45437,23.3,91.4,84.6,7.8,0.7,3.7,2.4,0
570,45452,16.3,84.5,80.6,14.1,0.4,0.8,3.8,0
571,45588,21.2,85.2,82.2,0.7,1.2,1.5,20.6,0
572,45659,21.7,88.5,61.5,28,0.3,4.1,5.6,2
573,45676,18.2,83.6,41.6,53.3,0.4,1.1,3.1,0
574,45695,12.6,89.2,95.2,0.8,0.5,0.5,3.2,0
575,45714,10.7,82.2,80.1,0.4,2.4,0.6,28.4,0
576,45741,20.5,79.7,74.1,21.8,0.2,1.6,2.6,0
577,45748,17.2,89.5,68.7,23.9,0.3,3.2,6.6,0
578,45750,16.9,80.6,95.1,0.8,0.3,0.8,4.3,0
579,45800,20,84.4,56.7,32.5,0.5,2.3,22.6,0
580,45821,19,88.4,59.2,29.9,0.5,2.5,10,2
581,45852,17.4,87.8,94.8,0,2,0.1,3.1,0
582,45859,14.1,87.2,95.9,0.6,0.3,0.9,1.3,0
583,45923,23.7,82.7,43.9,17.9,1.1,19,17.5,0
584,45925,24.2,80.4,69.3,6.3,0.8,3.6,28.2,0
585,45947,17.3,87.5,71.9,11.5,1.2,4.8,15.3,1
586,45966,10.2,90.4,95,1.6,0.4,0.5,2.8,0
587,45974,26.1,85,82.6,6.9,0.3,6.2,2.2,0
588,46018,19.7,56.3,43.7,0.7,1.2,3.3,81.4,0
589,46025,14.8,88.3,86,1.1,1.3,1.3,22.4,0
590,46040,15,90.8,77.4,13.9,0.7,2.2,4.8,0
591,46085,17.8,90.7,48.9,42.3,0.4,2.7,6.8,1
592,46122,13.1,80.8,74.9,18,0.7,0.8,7,0
593,46149,20.4,92.9,89.7,2,2.9,2.2,2.8,0
594,46187,22.5,76.7,50.5,23.7,0.7,6,43.8,2
595,46250,18.1,86.3,94.5,0,0.8,0,8,0
596,46280,19.7,92.5,85,7.1,0.5,3.5,3,0
597,46290,20,87.3,76.4,10.2,0.5,4.4,12,1
598,46313,19.2,81.3,48.9,31,0.4,2.3,27.7,0
599,46467,25.5,79.9,35.2,1.2,43.8,2,31.7,0
600,46486,10.9,94.3,96.7,0.8,0.3,0.4,2,0
601,46499,13.4,91.1,90.6,2.5,0.7,1.8,6.4,0
602,46528,8.3,92.5,97.3,0.9,0.2,0.5,0.9,0
603,46625,18.9,91.4,99.2,0.3,0,0,0.7,0
604,46642,22.3,83.9,84.3,7.1,0.4,0.4,8.2,0
605,46728,12.7,88.2,93,0.8,0.3,1,7.5,0
606,46744,19.8,81.4,72.6,6.9,0.9,2.4,63.2,2
607,46764,17.7,88.2,59.4,30.7,0.4,4.3,7.7,2
608,46776,21.7,83.6,67.8,6,1.7,3.9,35.5,2
609,46792,7.8,86.9,96.3,2.3,0.1,0.4,1,0
610,46849,14.9,84,75.8,7.2,0.6,2.8,19.4,0
611,46938,11,85.9,94.9,1.9,0.2,0.7,0.9,0
612,46947,17.4,92.2,65.6,23.2,0.6,2.3,9.3,0
613,46956,21.3,84.2,76,3.5,1.3,4.3,18.9,0
614,46966,15.2,91.7,80.4,1.1,12.4,1.2,4.1,1
615,46989,13,90.2,70.8,2.5,18.6,0.4,6.1,0
616,47012,18.3,85.7,74.2,2.9,1.3,6.3,24.3,1
617,47030,19.2,89,69.7,3.3,4.6,2.6,46.7,2
618,47042,26.2,91.3,78.7,12.1,0.2,1.4,13.4,0
619,47046,16.5,88.1,84.4,2.2,1.4,1.9,18.1,0
620,47052,20.9,79.9,66,24.4,4,1,4.8,0
621,47149,17.5,89.2,77.7,12.3,0.7,3.2,7.9,0
622,47191,18.2,86.9,79,1.5,1.5,2.7,20.3,0
623,47225,23.5,81.4,49.6,20.5,1,4.3,38,0
624,47243,20.3,87.4,75.1,2.7,1.2,4.4,22.3,1
625,47326,23.1,80.7,65.9,6.5,2.2,3.2,40.8,2
626,47342,16.7,88.4,65.4,25.6,0.5,2,8.1,0
627,47375,28.9,81,89.1,4,0.2,1.7,3.4,0
628,47429,20.2,79.9,57.6,12.8,0.7,7,32.1,1
629,47525,12.1,87.6,64,27,0.3,3.8,7.1,0
630,47527,24.6,89,38.4,54,0.2,3.1,5.2,2
631,47527,15.5,84.7,61.6,24,0.4,3.7,22.4,0
632,47548,8.7,92.6,75.9,14.8,0.3,3.2,8.8,0
633,47557,18.6,81,46.7,31.2,0.4,2.3,10,0
634,47611,14.9,81.2,70.8,18.5,0.4,1,12.7,0
635,47674,15,81.8,24.6,24.4,0.6,26.2,37.7,0
636,47680,19.3,75,69.7,10.3,1.2,1.8,38.5,0
637,47707,19.1,88.7,36,55.9,0.2,1.8,7.2,0
638,47717,16.8,86.2,69.7,13.5,1.5,4.8,11.9,0
639,47735,17,83.4,77,6.6,0.8,3.2,28.8,1
640,47779,18.3,85,62.7,15.1,3.5,4,17.2,2
641,47791,16.6,76.3,76.5,0.9,1.2,0.9,43.1,0
642,47816,13,90.8,63.7,31.2,0.3,0.3,6,0
643,47826,19.4,89.6,93.5,0.8,1,0.3,9.1,0
644,47858,17.9,67.9,57.7,2.6,1.3,6.8,56,0
645,47865,13.1,93.9,94.9,1,0.3,0.7,4.4,0
646,47891,16.8,75.6,63.4,6.3,14.4,0.9,31.2,0
647,47936,13.9,90.1,93.6,0.5,3,0.5,1.7,0
648,47938,20.6,86,69.1,9.1,1.1,2.9,29.2,0
649,47957,12.8,85.1,77.7,14.7,0.3,0.8,8,0
650,48002,19.8,78.9,60.3,6.8,0.3,20.2,17.3,0
651,48028,8.4,91.8,88.2,5.4,0.3,2.4,5.4,0
652,48103,19.6,75.5,62.9,15.5,0.6,1.5,43.4,0
653,48272,10.6,91.8,48.5,44.9,0.1,4.3,1.8,0
654,48324,18.1,76.5,83.6,11.3,0.5,1.3,6.2,0
655,48325,14.2,84.7,57.7,36,0.5,0.5,5.1,0
656,48430,16.8,83.5,92.9,3.1,0.6,0.7,4.1,0
657,48434,13.8,84.1,66.4,26.4,0.5,1.8,5.1,0
658,48508,11.4,90.3,86.8,9.2,0.3,1.7,2.2,0
659,48522,22.3,82.3,45,32.9,0.5,5.5,28.9,2
660,48577,20.5,81.2,65,4.2,1.2,6.7,35.5,1
661,48658,18,81.3,76.2,7.7,0.6,1.4,48.3,0
662,48680,24.2,91.3,73.4,1.9,11.7,1.9,18.4,1
663,48750,15.5,80.6,59.5,35.2,0.2,1.9,2.7,0
664,48757,22.3,86.5,60.1,15.7,1.1,15,9.6,1
665,48775,18.2,90.2,60.3,31.2,0.6,2.4,5.8,1
666,48802,15.4,77.9,75.5,5.1,0.9,0.4,48.2,0
667,48809,16.5,87.5,77.1,3.5,2.4,1.9,26.4,1
668,48813,20.2,83.6,79.1,1.7,1.2,1.3,36,0
669,48823,17.9,77.6,42.2,14,1,11.6,52.3,0
670,48866,13.1,92.3,81.6,3.1,0.8,2.6,16.1,0
671,48884,13.1,79.8,73,9.4,0.8,0.4,51.1,0
672,48886,9.5,92.4,94.6,1.1,0.2,1.4,3,0
673,48896,10.7,88.7,80.6,15.3,0.3,0.9,2.7,0
674,48949,14.6,89.5,58.9,31.6,0.2,0.9,14.5,0
675,49012,21.6,91.7,72.6,5.9,2.9,5.7,21.1,1
676,49013,21.4,92.3,95.9,0.4,0.5,0.6,4,0
677,49100,20.6,88.8,73.8,10.3,0.8,4.1,21.2,0
678,49141,18.4,81.3,77.8,19,0.4,0.6,3.7,0
679,49160,19.5,88.6,77.1,10,0.6,1.7,16.3,0
680,49186,22.1,67.5,48,7.3,1.2,8.5,70.5,0
681,49244,15.2,92.6,24.9,70.3,0.2,1.7,1.3,0
682,49283,16.3,88.1,76.9,14.9,0.2,2.5,8.3,0
683,49303,14.8,82.6,85.6,0.3,0.2,0.9,29.8,0
684,49316,17.4,80.4,68.7,0.8,0.9,6.9,36.4,0
685,49338,17.7,92.5,87.4,7.2,0.4,2.6,2.4,0
686,49366,16.9,70.1,52.7,5.2,1.2,9.3,70.2,0
687,49435,13.7,79.7,81.3,11,0.9,1.7,5,0
688,49453,16.9,76.4,67,14.2,0.7,1.7,38,0
689,49498,17.8,83.5,81.3,14.9,0.4,0.5,4.1,0
690,49578,17.6,88.1,74.6,4.1,1.4,7.8,14.2,0
691,49604,15.4,80.7,59,21.8,0.8,3.2,31.6,0
692,49612,14.6,89.6,70.1,15.4,0.4,6.6,8.5,0
693,49623,15.6,84.6,56.8,6.4,1.4,8.2,40,0
694,49716,17.3,55.5,52.6,1.1,1.5,3.8,71.7,0
695,49774,15.6,79.8,5.9,81.9,0.4,0.7,14.6,0
696,49813,15,87.2,74.3,16.3,0.4,2,18.4,0
697,49840,20.2,59.5,45.8,2,1.3,6.3,75,0
698,49840,15.9,93.1,86,3.8,0.8,3.8,6.3,0
699,49868,19.5,90.8,75.8,18.5,0.2,2.2,2,0
700,49868,10.3,72.3,79.4,2.1,0.7,0.8,73.7,0
701,49896,16.7,88,73.1,13.7,0.8,2.4,13.1,2
702,49924,9.6,93.8,90.6,1.2,2.1,3.1,2.8,0
703,50047,15.4,89.9,80.3,3.3,0.9,3.3,16.5,1
704,50052,22.6,87.5,58.9,30.2,0.3,2.6,11,0
705,50077,15.7,89,49,40.7,0.5,2.7,7.5,0
706,50136,17.8,85.5,65.7,28,0.2,1.8,9.5,0
707,50165,12,89.7,74.5,14.7,0.4,3.8,6.5,0
708,50202,17.5,83.3,62.1,11.1,0.7,6.1,31.5,2
709,50205,22.1,75.5,49.8,9.6,0.7,11.3,48.5,2
710,50225,19.8,76,66.6,2.3,1,1.9,61.6,0
711,50232,6.4,90.6,97.4,0.2,0.2,0.5,1.1,0
712,50280,15.7,91,79,3.1,8.7,1.4,5.9,0
713,50420,10.5,81.4,87.8,4,0.6,4.8,4,0
714,50420,19.2,87.1,42.5,41,0.5,5.1,14.2,1
715,50433,21.2,58.7,56.2,1.7,1.8,5.1,70.4,0
716,50438,14.8,90.2,82.2,0.4,6.7,0.6,3.3,0
717,50440,11.2,89.8,93,2.3,0.2,1.9,3.6,0
718,50441,19.6,83,52.4,21,0.8,1.9,39.7,0
719,50525,19.5,73.7,61.5,2.4,1,2.2,67.8,1
720,50536,14.2,90.4,88.2,4.3,0.3,1.5,19.5,0
721,50536,14.7,82,96,0,3.2,0,2.4,0
722,50554,16,88.3,63.8,5.5,1.1,17.3,13.3,0
723,50577,6.7,87.6,78.4,10.2,1.2,0.6,21.2,0
724,50601,17.8,76.9,63.5,3.3,1.2,4.2,48.4,0
725,50609,11.4,92.3,90.2,1.2,1.1,1.2,5.9,0
726,50626,14.8,89.7,80.9,2.9,1,5,10.4,1
727,50649,18.5,78.3,57.6,2.5,1.4,17.2,28.4,0
728,50658,17.5,81.4,80.9,4.3,0.6,1.8,59.7,0
729,50675,18,89.2,87.8,0.6,3.4,0.2,18.8,0
730,50701,10.9,81.8,74.5,1.2,1.6,0.4,51.8,0
731,50737,17.6,85.7,78.9,1,2.1,1.4,48.7,0
732,50739,22,83.4,45,14.6,1.1,18.3,26.9,1
733,50762,14.9,79.8,62.8,14.3,0.4,4.8,21.1,0
734,50767,8.5,91.7,69.3,26.8,0.2,0.8,2,0
735,50778,20.7,85.9,62.6,31,0.3,1.5,13.7,0
736,50899,18.7,73.6,60.4,2.5,1,6.1,48.9,0
737,50952,15.3,84.6,24.3,63.4,0.5,1.8,14.3,0
738,50971,19.7,67.4,44,16.4,1.1,2.3,67.6,0
739,50972,15.8,93.2,95.6,0.7,0.6,0.5,2.2,0
740,51012,12.8,92.8,89.6,0.8,4.4,0.7,5.2,1
741,51032,7.3,93.9,95.4,0.9,0.3,1.1,3.8,0
742,51042,15.2,87,82.5,2.3,3.5,0.4,11.8,0
743,51067,10.6,88.4,81.8,2.4,8.8,0.6,3.4,0
744,51097,13.5,85.6,77.4,1.9,1.3,1,42.5,0
745,51144,18,87.6,97.6,0.3,0.1,0.2,0.7,0
746,51149,9.8,91.4,88.6,2.3,0.7,3.9,8.4,0
747,51250,8.2,95.9,98.3,0,0.2,0,1.9,0
748,51250,7.9,90.5,99.5,0,0.5,0,1,0
749,51275,15.5,67.5,78.7,1.1,1.1,0.2,61.8,0
750,51303,11.8,87.9,93.3,3.2,0.2,0.8,1.9,0
751,51375,11.7,83.5,80.5,12.6,0.4,1.1,6.6,0
752,51401,17.5,81.2,69.8,1.7,0.9,5.6,36.4,0
753,51429,13.5,85.1,12.4,0.2,0.2,52,8.7,0
754,51450,19.7,64.5,66.9,2.4,1.5,0.4,64.3,0
755,51480,21.9,88.6,63.8,18.6,2,5.6,10.5,1
756,51542,9.4,90.8,96.4,0.7,0.2,0.2,2,0
757,51603,8.6,90.9,98.1,0.2,0.4,0.5,2.1,0
758,51661,18.1,86.5,78.5,1.7,0.8,2.4,24.2,0
759,51667,6.6,72.6,84.8,0.8,0.7,0.1,48.1,0
760,51708,7.9,92.8,93.6,3.1,0.1,1.5,1.3,0
761,51762,16.5,91,64.2,22.6,0.4,2.8,10.7,0
762,51778,11.4,87,88.8,6,0.5,0.9,4.5,0
763,51806,4.4,91.5,96.7,0.5,0.5,0.1,1.4,0
764,51860,23.2,73,57.8,4.1,1.3,3,53.5,0
765,51927,9.9,92.5,55.2,32.3,0.3,6,9.9,0
766,51938,14.1,92.3,71.7,14.4,0.4,4.2,17.8,0
767,51958,16.3,87.5,76,17,0.5,1.6,6.3,0
768,51970,17.2,76.3,57.5,14.5,0.8,9.4,37.8,0
769,52042,18,87.6,64.9,11.2,1.8,8.2,11.3,1
770,52066,11.7,94.9,94.8,1.4,0.4,0.4,2.2,0
771,52154,15.1,79.7,53.1,12.3,0.9,14,41.1,1
772,52157,21.3,82.7,64.5,2.1,1.4,5.4,46,0
773,52166,16.4,87.7,72.1,2,2.5,0.8,57.9,0
774,52179,15.7,94.5,87.4,0.5,2.8,1.1,12.8,0
775,52253,22.1,54.8,45.9,1.5,1,10.5,78.2,1
776,52392,21.3,74.2,49,14.8,0.9,4.3,54.4,0
777,52421,13.8,89,80,10.4,0.3,3.3,12.6,0
778,52494,12.1,90.9,86.8,4.2,2.7,1.8,4.4,0
779,52511,16.6,78.2,47.4,19.9,0.8,6.3,38.8,0
780,52530,17.2,89.3,60.4,10.1,1,12.1,19.7,0
781,52571,12.8,90.5,87.6,7,0.3,1.2,8.7,0
782,52574,14.6,84.4,71.1,1.3,0.3,16.4,17.4,0
783,52621,11.2,85.4,83.7,12,0.8,0.6,2.5,0
784,52656,28.2,98.1,95.5,0.9,0,1.2,1.2,0
785,66828,5,95.5,89.8,4.4,0.2,1.8,4.3,0
786,52697,21.5,100,92.8,0.9,1.5,0.2,13.8,0
787,52736,2.4,99.1,62.4,31.9,0,0.8,7.4,0
788,52752,13,92.5,95.8,1.6,0.3,0.6,1.2,0
789,52783,20.6,79.4,46.1,13.5,0.7,12.9,40.8,2
790,52785,16.4,90.8,75.4,15.1,0.9,1.8,8.1,0
791,52795,13,85.5,74.5,2.6,1.2,5.9,26.3,0
792,52824,18,64.3,63,0.5,1.6,0.7,79.5,0
793,52989,12.5,95.2,91.3,0.5,0.8,1.2,8.2,0
794,53011,15.3,86.5,61.1,15.7,1,4.9,28.7,1
795,53058,12.4,82.1,87.2,5,0.3,1,5.5,0
796,53080,9.6,90.7,62.5,25.6,0.3,3.5,12.4,0
797,53082,14.3,84.3,67.5,22.6,0.7,3.4,6.2,0
798,53125,12.8,88.9,93.6,0.9,0.1,0.9,9.9,0
799,53135,17.6,77.7,57.6,3.2,1.2,8.7,67.6,1
800,53169,11.8,88.5,86.1,9.9,0.2,0.7,3.5,0
801,53206,16.9,81.4,80.1,0.3,1.2,0.9,23.4,0
802,53214,18.8,80.8,61.1,18.9,0.6,3.7,34.1,2
803,53326,17.5,84.7,59,18.8,0.7,6.8,27.4,1
804,53373,20.6,80.3,44,25.5,0.7,12.7,28.6,2
805,53566,6.2,94.4,93.2,1.5,0.4,0.8,4.8,0
806,53581,12.3,93.5,88,5.6,0.3,2.2,3.3,0
807,53582,15.8,80.7,28.3,1.5,0.6,52.9,34.4,0
808,53588,11.9,92.3,87.5,1.7,0.7,5.9,5,0
809,53617,17.7,93.3,83.7,2,1.1,6,6.3,0
810,53637,17.3,86.1,68.9,10.2,1.4,3.4,31.8,2
811,53637,16.8,88.4,50,35,0.5,5,13.1,2
812,53690,10,92.2,94.3,0.7,0.6,1.1,5.8,0
813,53712,18.2,83.3,63.5,5.9,1.5,9.9,20.7,0
814,53730,16.3,88.2,83.6,7.3,0.4,0.9,16.4,0
815,53732,9.7,91.6,91.5,4.1,0.1,1.4,1.6,0
816,53788,12.8,85.5,80.9,5.6,0.7,2.3,20.1,0
817,53851,20.7,75,52.4,11.1,1,7.4,48.1,0
818,53851,17.5,85,76,15.1,0.3,2.6,5.9,1
819,53939,18.3,92.5,17.6,0.5,0.3,34.3,10.4,1
820,54040,11,95.8,86.9,4.9,0.4,3.8,3.1,0
821,54114,18.1,70.6,51,6.4,1,5.2,69,1
822,54125,16.4,91.6,96.3,0.7,0.3,0.4,2.4,0
823,54134,10.8,94,93.7,1.3,0.7,1.4,3.8,0
824,54176,13.7,91.5,90.1,1.7,0.3,3.7,5,0
825,54193,15.3,83.1,45.2,7.5,0.7,19.9,27.2,0
826,54217,7.6,89.9,63.1,29.1,0.3,1.5,5.9,0
827,54242,13.5,93.6,92.3,0.2,0.8,2.3,7.4,0
828,54261,3.2,88.2,97.8,0.1,0.7,0.2,0.7,0
829,54283,15.4,87.7,28.8,55.7,0.3,7.6,9.5,0
830,54322,16.6,93.4,80.6,4.8,0.9,4.3,11.7,0
831,54375,10.7,75.8,87.1,0.5,0.7,0.3,54.8,0
832,54419,11.5,87.6,90.5,5.6,0.4,0.9,3.1,0
833,54527,13.4,93.1,78.8,6.3,1,3,16.1,1
834,54590,19.3,75.2,41.9,18,0.9,6.1,54.4,0
835,54618,20.4,80.4,34.5,28,0.8,16.8,25.4,2
836,54652,13,90,75.2,11.1,1.2,4.9,7.3,0
837,54750,6.5,92.5,96.9,0.5,0.2,0.7,2.2,0
838,54896,19,94.8,78.9,7.3,0.4,7.4,6.8,0
839,54919,17.6,84.1,45.6,39.5,0.7,2.2,18.5,0
840,54974,12.2,90.3,66,10.7,0.6,10.3,19,0
841,55003,18,91.3,76.1,6.3,1,7.1,9.4,1
842,55012,8.7,95.6,88.1,5.3,0.3,3.4,2.8,0
843,55100,18.6,79,58.1,9.3,1.7,3.5,50.3,0
844,55161,8,80.5,83.7,1.5,2.4,1.5,15.8,0
845,55168,16.4,92.6,64.6,29.9,0.4,1.6,3.3,0
846,55170,18.9,58.5,51,0.9,1.3,1,92.5,0
847,55185,10.5,93.2,85.1,11.5,0.4,0.3,1.6,0
848,55218,8,91.7,95.5,1.3,0.5,0.7,3.2,0
849,55229,13.1,91.2,66.1,9,10,3.6,9,1
850,55289,15.8,86.6,46.7,24.4,0.6,10.3,35.3,0
851,55319,18.8,71.9,55.8,1.9,0.5,1.9,55.7,0
852,55398,16,90.5,57.5,29.3,0.5,4.3,11.4,0
853,55417,15.1,89.4,95.5,1.9,0.3,0.7,1.5,0
854,55476,13,92.9,72.1,21.4,0.4,1.5,5,0
855,55486,10.2,93.4,82.3,12.9,0.2,1.6,1.1,0
856,55502,16.2,89.5,66.8,28.5,0.4,1.9,2.6,0
857,55528,18.7,88.1,41.6,49.9,0.2,1.1,9.1,0
858,55546,17.8,93.6,70.2,25.4,0.2,1.6,2.9,0
859,55603,14.8,88.8,55.2,8.2,3,15.5,17.4,0
860,55647,18.6,96,89,1.2,0.6,2.9,10.1,0
861,55648,12.7,92.2,89,0.5,1.1,2.1,8,0
862,55673,15.4,89.9,57.5,9.7,0.9,14.2,16.2,0
863,55752,13.7,68.2,59.4,1,1.4,2.6,91.2,0
864,55777,21.5,85.2,53.9,24.4,0.4,8.9,17.5,1
865,55830,9.1,85.9,92.7,0.7,0.9,0.7,8.2,0
866,55831,14,86.6,76.6,2.3,1.3,3.7,30.6,0
867,55893,14.7,87.4,95.8,0.7,0.7,0.6,2.6,0
868,55946,8.9,91.7,94.4,1.7,0.2,2.1,2.1,0
869,56277,9.1,94.1,91.5,0.6,0.8,1,11.7,0
870,56307,13.7,88.8,67.3,27.2,0.3,1.2,5.4,0
871,56882,15.4,90.3,73,2.6,0.6,10.5,16.3,1
872,56905,16.5,72.7,73,6.1,1.3,0.6,53.7,1
873,56954,11.9,91.5,82.9,1.6,1.4,3.1,22,0
874,56983,5.7,93.2,97.3,0.1,0.5,0.1,1.8,0
875,57028,18.3,87.4,32.8,22.1,0.7,24.9,22.6,0
876,57047,9.7,89.8,90.3,0.6,0.4,0.8,22.7,0
877,57057,8.6,95.5,71.9,10,1.6,2.4,19.4,0
878,57095,19.8,79.6,56.8,8.2,1.5,6.2,45.5,2
879,57257,10.6,89.3,89.4,2.4,0.8,0.9,13.6,1
880,57386,7.7,97.2,85.6,1,3,0.9,23.7,0
881,57417,13.2,92.9,91.2,0.6,0.8,0.7,8.6,0
882,57521,26.8,75.8,77.6,4.2,3.4,1.2,29.6,0
883,57689,18,87.5,68.3,8.1,0.9,6.3,35.1,2
884,57790,11.4,92.4,93.1,1.6,0.6,1.5,4.1,0
885,57790,10.5,91.8,92.3,1,0.9,0.8,7.4,0
886,57822,16,81.4,63.5,2.3,0.7,9,36.6,0
887,57880,8.6,93.6,95.7,0.2,1,0.1,5.6,0
888,58000,15.5,81.5,68,19.4,0,0.9,12.7,0
889,58057,13.7,85.3,63.5,9.1,1.1,10.7,15.2,0
890,58103,14.1,73.6,62.2,1.5,0.7,1.8,48.7,0
891,58219,11.2,93.4,87.4,2.9,1,1.2,14.5,0
892,58227,11.4,88.4,71,22.2,0.3,1.7,5,0
893,58302,8,94.4,94.2,1,0.3,1.6,3.6,0
894,58330,11.6,91.3,74.2,21.6,0.4,0.8,2.8,0
895,58484,23.1,96.3,88,0.9,0.4,4.7,8.7,1
896,58814,4.3,96.2,90,0.7,4.2,0.9,3.2,0
897,58901,9.6,92.8,92.4,0.7,4.5,0.6,1.3,0
898,58906,13.4,85.2,93.6,2.5,0.9,0.5,2.3,0
899,58954,14,94.4,87.2,4.2,0.6,3.2,4.7,0
900,59049,16.7,83,55.8,18.7,0.7,5.9,34.7,0
901,59078,9.3,91.8,91.7,0.6,4.9,0.2,1.8,0
902,59091,12.7,93.2,74.5,9,1.1,4.1,19.4,0
903,59260,11.3,90.5,23.2,68.6,0.4,0.9,12.1,0
904,59303,12.8,87.7,63.7,10.8,1.1,6.6,10.6,0
905,59337,12.1,76.4,75.4,5.7,1,1.1,50.6,1
906,59347,15.9,87.6,70.5,4.9,2.3,8.9,12.9,0
907,59547,11.3,92.7,88.1,2.3,0.4,3.5,12.1,0
908,59614,6.5,82.2,87.2,7.6,0.4,1.5,3.3,0
909,59646,11.1,99.3,92.7,1.6,0.6,1.7,4.5,0
910,59661,12.5,89.8,87.5,7,0.3,1.2,4.3,0
911,59756,14.3,73.5,49.4,4.4,1.1,12,70.1,0
912,59821,11.2,93,81.2,6.5,0.1,2.1,23.8,0
913,59821,18.6,100,96.9,0,0,0,1.6,0
914,59916,9.8,92.9,80.6,5.1,0.7,2.6,18.5,0
915,60060,9.2,91.2,94.4,0.3,0.8,0.2,7.6,0
916,60191,15.5,85.4,55.5,11.3,1,15.2,16.6,0
917,60269,7,93.2,94.4,1.5,0.2,1.2,2.5,0
918,60376,11.7,93.7,80.8,12.7,0.3,3.7,3.5,0
919,60597,7.3,94.3,94.9,0.1,2,0.4,0.6,0
920,60621,16.6,65.6,48.2,2.9,1.5,7.4,73.5,0
921,60752,16.5,75.8,52.7,2.8,0.8,14.8,52.8,1
922,60819,4.9,96.3,98.2,0.6,0.1,0.7,1.5,0
923,66647,10.7,93.3,69.9,20.3,0.2,3.9,20.4,0
924,61051,9.9,82.5,77.4,1.5,1.4,1.3,40.5,0
925,61122,11.2,92.9,71.2,18.3,0.5,3.7,6.1,0
926,61248,14.6,76.9,60,5.3,0.9,5.8,48.4,0
927,61442,7.3,90.9,74.7,19,0.2,3.2,3.1,0
928,61541,11.7,91.8,83.4,1.4,5.2,2.1,4.3,0
929,61593,12.8,90,57.2,29.3,0.4,6.3,8.9,0
930,61626,12.7,93.5,74.6,17.3,0.2,2.2,7.3,0
931,61643,4.8,92.1,61.1,31.4,0.2,1.7,8.2,0
932,61669,10.9,89.3,68.1,28,0.4,1.5,2,0
933,61786,6.6,93.8,88.6,6.3,0.3,1.6,3.6,0
934,62164,23.8,92.8,74.5,1.8,0.7,7.7,19.4,0
935,62351,13.5,88.7,82.3,0.3,8.2,0.5,9.2,0
936,62363,13.4,90.5,53.8,31.6,0.4,4.9,14.9,0
937,62430,19.4,82,86.4,0.9,0.7,0.8,16.6,0
938,62560,25.5,90.1,93.4,0.2,0.1,1.6,2.2,0
939,62598,12.1,90.7,87,1.1,0.6,1.9,13.5,0
940,62605,8.3,93.4,95,1.8,0.2,1.5,1.2,0
941,62666,13.8,88.9,70.9,2.7,1.4,10.7,25.6,0
942,62858,11.6,92.6,91.1,0.6,0.9,1.7,7.3,0
943,62897,11.4,76.1,56.6,3.9,0.7,7,70.7,0
944,62917,12.8,81.3,98.2,0.6,0,0,2.3,0
945,63120,9.8,92.7,76.9,5.1,0.7,7.2,14.9,0
946,63585,11.3,89,30.1,47.8,0.3,9.7,14.3,0
947,63607,13,91.2,63.8,8.8,0.9,13.3,14.5,0
948,63649,11.2,93.9,77.5,10,0.4,5,7.9,0
949,63678,11.5,93.4,81.3,6.2,0.5,7.3,4.6,0
950,63753,10.5,93.8,87.6,6.2,0.5,1.2,5,0
951,64222,6.3,94.4,94.3,0.6,0.6,2.4,1.7,0
952,64329,15.4,86.9,48.9,17.3,0.9,10.5,31.7,0
953,64494,17.1,91.7,62.9,20,1,3.9,18.4,0
954,64518,6.3,96.3,62,23.9,0.7,2.9,12.6,0
955,64540,8.9,93.1,79.7,7.2,0.4,5.9,6.8,0
956,64700,11.4,89.2,63.9,18.6,0.5,5.8,14.4,0
957,64745,5.8,94,94.6,1.1,0.1,2.7,1.6,0
958,64821,6.8,90.6,81.9,10.4,0.3,3.7,4.3,0
959,64824,16.1,72.5,47.4,10,1,6.6,66.8,0
960,64830,11.8,86.8,62.8,6.2,1.5,7.7,40.3,0
961,64914,5.8,92.6,96.6,0.6,0.2,0.8,2.3,0
962,65096,13.4,80.1,34.2,11.9,1,22,40.7,0
963,65185,12.5,80.9,53.7,4.6,0.8,14.4,58.2,0
964,65197,3.2,95.6,95,1,0.1,2.3,2.3,0
965,65212,14.3,90.4,69,5.2,0.9,7.6,30.3,0
966,65250,11.8,91.8,95.5,0.5,0.5,0.3,5.2,0
967,65294,7.1,91.1,90.9,0.4,0.5,0.6,10.6,0
968,65305,11.6,89.3,63.6,23.2,0.3,1.6,20.7,0
969,65472,12.1,85,60.8,2.7,1.3,7.7,50.9,0
970,66076,11,88.7,72.7,2.5,0.5,11.6,24.5,0
971,65499,11.5,87.5,52.3,42.7,0.3,1.6,2.9,0
972,65625,7.7,96.5,96.6,0,0,0,4,0
973,65706,6.8,94.3,70.7,2.4,2.9,0.7,53.1,0
974,65732,8.8,89.5,6,90.1,0.2,0.6,3.7,0
975,65765,14.9,88.1,70.9,2.6,1,8.9,21.1,0
976,65793,8.1,91.7,70.2,9.7,2,4.1,24.4,0
977,65849,12.5,66.2,48.5,1.9,1.1,11.9,78.8,0
978,65974,16.8,86.6,53.9,2.3,0.6,22.8,34.4,0
979,66053,15.6,80.1,69.1,3.1,1.5,2.2,46.8,0
980,66107,13.9,84.1,75.1,1.6,1,3.5,38,0
981,66116,15.4,87.3,58.9,6.7,0.6,15.9,28.8,2
982,66384,11.7,92.5,80.4,1.2,0.7,3.5,17.3,0
983,66457,12.5,83.3,64.6,1.3,1.3,3.8,65.7,0
984,66484,11.2,90.4,63.8,19.5,0.6,3.1,28.4,0
985,66497,9.5,91.9,70.2,17,0.4,3.1,21,0
986,66607,11,92.6,86.4,2.1,1,2.4,15.6,0
987,66634,8.3,93.3,67.7,19.6,0.4,6.1,6.6,0
988,66818,12.1,89.2,83.3,0.7,1.5,0.9,28.4,0
989,66948,8.9,87.5,77.4,1.8,1.1,4.4,31.7,0
990,67023,9.6,93.8,83.2,6.5,0.5,3.3,7,0
991,67081,9,91,82,1.4,0.9,5.4,20.7,1
992,67364,13.2,85.6,46,15.7,0.8,14.9,27.3,0
993,67422,3.8,94.4,89.7,3,0.5,1.9,6.2,0
994,67484,11.1,92.8,82.5,0.7,1.1,1.4,29.2,0
995,67695,10,94,67.7,11.8,0.4,7.4,25.2,0
996,68038,9.5,80.9,75.1,0.6,0.8,2.3,37.6,1
997,68318,13.3,87.1,64.5,3.6,0.7,11.1,30.6,0
998,68368,15.4,86.6,76.3,18.5,0.7,1.7,2.7,0
999,68442,9.1,90.7,82.4,1,0.7,2.7,17.7,0
1000,68504,7,95.5,79.3,10.2,0.2,4.5,9.7,0
1001,68620,9.7,91.1,62.6,29.8,0.4,2.9,4.4,0
1002,68717,6.6,92.2,84.1,13.3,0.3,0.6,1.3,0
1003,68802,6.5,94.9,89.3,4.4,0.2,3.1,8.9,0
1004,68882,14.6,88.3,85.2,0.7,0.6,0,27,0
1005,69018,5.8,95.5,91.9,0.6,0.5,0.6,8.6,0
1006,69054,6.8,89.4,95.7,1.2,0.1,1,1.7,0
1007,69063,2.7,94.4,81.8,16.5,0.7,0.3,0,0
1008,69103,2.3,81.1,54.8,0.4,2.3,0.5,72.3,0
1009,69173,9.3,83,75.5,7.9,0.7,1.4,37.6,0
1010,69189,10.3,83.1,42.8,4.5,1,25.8,53.2,0
1011,69368,9.5,85.3,63.6,8.4,0.6,13.4,30,0
1012,69460,6.4,96.6,89.6,4.5,0.3,2.8,3.1,0
1013,69891,8.5,91.8,34.3,51,0.3,7.8,7,0
1014,70176,9.8,90.9,81,4.3,0.3,5.2,17.8,0
1015,70594,13.5,93.4,69.5,7.9,0.8,13.8,6.6,1
1016,70652,7.7,95.9,94.2,2,0.3,0.4,4.3,0
1017,70988,9.6,90.4,86.1,0.2,7,0.5,3.1,0
1018,71194,4.6,94.4,78.5,13.4,0.1,5.7,1.2,0
1019,71233,9.2,92.3,90.6,1.5,0.5,2,12.7,0
1020,71518,6.4,93.7,84.9,3.6,0.5,7.6,2.8,0
1021,71689,6,92,90.6,4.4,0.3,1.9,5.3,0
1022,71765,11.1,98.6,73.3,8,0.5,15,3,0
1023,71897,13.6,83.5,52.6,2.3,0.6,20.3,39.7,0
1024,71974,10.1,95.9,82.6,5.5,2.6,3.2,5.1,0
1025,72399,9.1,93,79.6,1.5,0.9,6.2,17.7,0
1026,72421,10.9,79.6,23.8,23.8,0.6,25.6,38.6,0
1027,72659,5.8,86.1,68.9,4.8,0.5,12.8,25.3,0
1028,72695,10,91.5,73.3,4.8,1.5,8.2,21.9,0
1029,72837,8,94.1,93.3,1.6,0.2,1.7,3.5,0
1030,72872,11.6,77.7,56.4,6.2,1,10.5,53.8,0
1031,73115,11.9,94.3,85.7,2.4,0.8,4.2,9.6,0
1032,73288,9.5,96.2,89.3,1.7,0.8,3.3,8.8,1
1033,73380,11,94.9,94,0.6,1.3,0.2,9.8,0
1034,73397,10,93.5,13.5,80.7,0.2,2,2.7,0
1035,73399,8.3,92.9,84.4,5.1,0.5,3.1,20.5,0
1036,74001,10.7,88.4,66.3,10.3,0.9,6.1,22.9,0
1037,74159,9,90.7,85.1,1.7,0.9,3.6,8.6,0
1038,74165,9,90.4,92.2,0.4,1.2,0.7,9.5,0
1039,74167,15.3,86.9,8.6,0.4,0.1,25.3,6.7,0
1040,74438,5.8,94.1,82,2.5,1.2,3.8,22.1,0
1041,74881,5.3,92.2,88.5,3.6,0.4,0.8,15.2,0
1042,74903,7.5,92.1,83,4.3,0.8,1.8,23.6,0
1043,74978,6.4,89.4,49.9,23.8,0.4,10.8,24.4,0
1044,75373,8.6,95.5,77.7,5.6,0.1,11.9,7.5,0
1045,75788,13,79.7,3.3,91.3,0.3,0.1,5.4,0
1046,76012,9.1,95.1,88.8,3.1,0.2,3.7,8.5,0
1047,76449,4.6,96,91.2,1.6,0.1,4.9,2.5,0
1048,76580,11.3,95.3,77.6,3.9,0.4,9,13.1,0
1049,76875,4.7,92.9,93.6,0.9,0.9,0.6,6.7,0
1050,76902,11.7,84.6,16.9,1,61.2,9.1,3.1,0
1051,77146,6,95.2,75.1,14.8,0.2,5.1,6,0
1052,77228,5.4,94.1,93.8,0,0.7,1.1,5.3,0
1053,77335,6.9,94,83.1,5.3,0.4,4.1,10.2,0
1054,77591,3.4,96.8,93.1,0.2,0.3,5.6,1,0
1055,77806,11.9,96.9,44.5,17.5,0.4,27.5,9.2,0
1056,77883,8.8,90.3,87.3,1.2,1.6,2.2,14.6,0
1057,78039,7.9,85.8,40.5,1.4,0.6,37.1,45.5,0
1058,78059,5.9,97,91.1,2.8,0.1,3.5,3.1,0
1059,78326,8.2,93,66,5.6,7.9,8.1,7.6,1
1060,78377,6.5,96.4,86.1,8.4,0.3,1.7,3.9,0
1061,78513,13.2,84.2,67.1,1.6,0.7,11.3,38.1,0
1062,78891,6.8,96.1,77,14.5,0.1,6,2.7,0
1063,79193,7.9,87.9,56,8.7,0.7,16.4,30.1,0
1064,79243,7.9,96.5,92.4,0.9,0.8,2,5.1,0
1065,79330,7.5,88.8,60.7,2.3,0.8,17.8,39.7,0
1066,79359,9.4,89,65,13.9,0.3,7.9,23.8,0
1067,79460,5.3,96.6,96.1,0.7,0.1,1.4,1.8,0
1068,79487,10.4,90.5,46.1,11.2,0.6,26.3,18,0
1069,79515,8.8,94.1,93.3,4.2,0.1,0.6,4.5,0
1070,79549,7,93.5,51.1,2.7,0.4,34.5,16.1,0
1071,79600,7.2,89.5,59.7,9.4,0.4,20.8,18.2,0
1072,79925,7,91.4,70.8,4.1,1.1,9.8,24.7,0
1073,79964,10.9,93.5,90,1.1,0.6,1.6,7.4,0
1074,80177,8.6,95.8,82.6,1.5,0.7,7.2,11.5,0
1075,80734,9.8,90.6,79.7,1.5,0.9,4.2,22.2,0
1076,80978,7,95.2,77.3,15.3,0.4,2.9,5.6,0
1077,81047,8.2,94.7,80,10.4,0.2,3.8,19.4,0
1078,81294,13.2,87,48.5,6.1,0.5,33.3,15.1,2
1079,81459,7.4,92.2,74.8,10.5,0.7,4.1,18.6,0
1080,81898,6.5,95.7,86.1,1.1,0.6,6.1,11.1,0
1081,81970,14.9,95.4,73.5,20.2,0.2,2.9,3.2,0
1082,82120,5.9,97.3,78.7,1.6,0.2,12.5,8.6,0
1083,82121,6.7,96.8,88.6,6.4,0.2,2.3,1.9,0
1084,82265,7,96.4,81.5,5.6,0.3,7.9,4.5,0
1085,82367,8.1,90.2,56.5,0.9,0.4,33.3,13.1,0
1086,82424,6.6,95.6,81.8,3.4,0.8,5.8,14.9,0
1087,82500,11.8,91.6,67.5,25.3,0.2,3.4,3.6,0
1088,83208,5.6,90.3,75.4,18.3,0.4,1.1,3.6,0
1089,83252,9.4,92.4,76.7,1,0.5,11.1,17.1,0
1090,83554,9.3,89,70.9,3.2,0.6,8.5,29.5,0
1091,83793,7.5,93.5,66.9,7.6,0.4,16.9,14.7,0
1092,84451,5.4,93.3,61.9,28.4,0.2,3.8,7.4,0
1093,84583,0.6,91.5,16.1,6,50.5,0,12.7,0
1094,84647,11.3,82.7,42.8,3.2,0.9,32,33.2,2
1095,85291,4.1,86.8,73.9,0.8,2.2,3,31.8,0
1096,85418,5.8,97.3,84.2,5.2,0.3,6.9,3,0
1097,85420,7.5,95.5,82.3,7.4,0.3,5.3,7.1,0
1098,85464,4.8,98.1,90.7,0.7,0.3,4,4,0
1099,85521,8.1,87.8,23.9,6.3,0.5,50.9,22.9,0
1100,85671,6.9,94.5,84.4,6.7,0.2,3.8,7.6,0
1101,85714,14.9,86.1,98.7,0,0,0.1,0.4,0
1102,86757,7.9,87.7,41.3,4.7,0.7,27.2,35.2,0
1103,86869,3,97.5,92.2,0.8,0.3,1.9,6,0
1104,87258,3.4,88.6,91.4,3.1,0.4,0.4,12.5,0
1105,89134,8.3,91.5,60.9,21.8,0.4,6,16.1,0
1106,90089,6.2,94.4,73.5,14.2,0.6,3.7,15.4,0
1107,90208,7.6,88,57.8,2.4,0.5,18.9,26.6,0
1108,90321,4.8,91.7,23.1,6.9,0.3,61.9,12,0
1109,91393,3.3,94.2,86.7,5.9,0.3,3.3,4.3,0
1110,91458,5.7,95,86.6,3.4,0.4,4.8,12.5,0
1111,91579,6.3,95.3,73.1,8,0.4,13.1,7.7,0
1112,91941,5,97.6,87.3,3.3,0.4,4.4,7.4,0
1113,92127,6.3,96.3,79.3,1.8,0.4,11.3,6.3,0
1114,92278,12.3,96.3,50.5,1.8,0.2,39.2,9.2,0
1115,93000,3.4,94.1,81.2,13.8,0.2,1.8,3,0
1116,95149,8.1,94.4,85.8,0.6,0.5,3.9,13.7,0
1117,95428,5.9,93.8,15,0.7,0.1,57.7,6.2,0
1118,95804,4.9,96.8,90.4,1.4,0.6,2.5,7,0
1119,95815,6,93,76.9,1.6,0.6,10.2,15.7,0
1120,95972,4.5,93.1,62,16.4,0.5,12.4,20.5,0
1121,96964,4.4,94.9,83.3,9.4,0.2,4.4,3.4,0
1122,97118,5.6,91.9,61.6,19.8,0.3,12.2,6.3,0
1123,97500,5.6,92.4,86.4,4.7,0.2,2.5,13.8,0
1124,98914,8.4,91.9,45,2.7,0.5,37.7,19.4,0
1125,99250,4.4,96.6,84.8,6.7,0.1,4.5,6,0
1126,99422,3.3,92,79.6,4.4,0.2,11.1,11,0
1127,100849,7,95.7,55.5,25.3,0.4,11.4,7.9,0
1128,101872,7.8,84.3,50.7,9.5,0.7,17.9,33.6,0
1129,102281,6.8,97.2,15.1,73.7,0.3,3.6,5.5,0
1130,103051,5.5,95.6,72,8.4,0.5,12.9,11.2,0
1131,104427,6.8,91.9,71.6,3.3,0.6,11.4,24.8,0
1132,105328,4,95.2,78.2,1.9,0.4,9.1,18.6,0
1133,105355,6.1,92.3,32.8,3.3,0.5,50.6,14.8,0
1134,105401,7.5,91.4,43,2,0.5,40.9,18.9,1
1135,105763,9,93.5,71.7,8.5,0.5,9.6,15.1,0
1136,113071,7.1,97.7,87.3,0.7,0.3,7,7.2,0
1137,117855,3.6,95.5,75.1,1.3,0.4,15.6,14.4,0
1138,119115,4.7,100,92.5,0.3,0.9,1.9,4.1,0
1139,119528,4.5,93.7,78.7,6.4,0.2,10.3,9,0
1140,120522,2.7,97.7,79.9,4.3,0.3,9.4,9,0
1141,124529,3.8,98.2,92.7,1.3,0.1,4.3,1.7,0
1142,124759,4.4,95.2,67,1.7,0.3,23.2,10.3,0
1143,136519,5.4,97.4,64.2,1.9,0.2,27.1,6.2,0
1144,137423,2.9,98.4,94,0.5,0.1,3.6,2.8,0
1145,175990,3.2,94.7,73.8,15.8,2.1,2,17.4,0
